{"uncertainty": 0.35, "mae": 2.613333333333333, "n_samples": 73, "trained_at": "2025-10-25T06:30:36.203205+00:00"}